"입금내역","","","","","","출금내역","","",""
"등록인원","8명","","₩160,000","","","탈퇴인원","0명","총계","-₩60,000"
"일자","이름","","","","","일자","이름","입금",""
"2026.10.01","aaa","₩20,000","","","","2026.10.02","xxx","","₩20,000"
"2026.10.02","bbb","₩20,000","","","","2026.10.03","yyy","","₩20,000"
"2026.10.03","ccc","₩20,000","","","","2026.10.04","zzz","","₩20,000"
"2026.10.04","ddd","₩20,000","","","","","","",""
"2026.10.05","eee","₩20,000","","","","","","",""
"2026.10.06","fff","₩20,000","","","","","","",""
"2026.10.07","ggg","₩20,000","","","","","","",""
"2026.10.08","hhh","₩20,000","","","","","","",""